task_id,diff_path
go-001,diffs/go-001.diff
go-002,diffs/go-002.diff
go-003,diffs/go-003.diff
go-004,diffs/go-004.diff
go-005,diffs/go-005.diff
go-006,diffs/go-006.diff
go-007,diffs/go-007.diff
go-008,diffs/go-008.diff
go-009,diffs/go-009.diff
go-010,diffs/go-010.diff
go-011,diffs/go-011.diff
go-012,diffs/go-012.diff
go-014,diffs/go-014.diff
go-015,diffs/go-015.diff
go-016,diffs/go-016.diff
go-017,diffs/go-017.diff
go-018,diffs/go-018.diff
go-020,diffs/go-020.diff
php-001,diffs/php-001.diff
php-003,diffs/php-003.diff
php-004,diffs/php-004.diff
php-005,diffs/php-005.diff
php-006,diffs/php-006.diff
php-007,diffs/php-007.diff
php-008,diffs/php-008.diff
php-009,diffs/php-009.diff
php-010,diffs/php-010.diff
php-011,diffs/php-011.diff
php-013,diffs/php-013.diff
php-014,diffs/php-014.diff
php-016,diffs/php-016.diff
php-019,diffs/php-019.diff
php-020,diffs/php-020.diff
py-001,diffs/py-001.diff
py-002,diffs/py-002.diff
py-003,diffs/py-003.diff
py-005,diffs/py-005.diff
py-006,diffs/py-006.diff
py-007,diffs/py-007.diff
py-008,diffs/py-008.diff
py-009,diffs/py-009.diff
py-010,diffs/py-010.diff
py-011,diffs/py-011.diff
py-012,diffs/py-012.diff
py-013,diffs/py-013.diff
py-015,diffs/py-015.diff
py-016,diffs/py-016.diff
py-017,diffs/py-017.diff
py-020,diffs/py-020.diff
